{
  "schema": "1.0",
  "type": "whmcs-addons",
  "name": "cnicdns-addon",
  "license": "MIT",
  "category": "digitalservices",
  "description": {
    "name": "CentralNic DNS Addon v1.2.2",
    "tagline": "Manage DNS",
    "long": "",
    "features": [
      "Manage DNS zones for your domains at CentralNic brands"
    ]
  },
  "logo": {
    "filename": "logo.png"
  },
  "support": {
    "homepage": "https:\/\/www.centralnicgroup.com\/",
    "learn_more": "https:\/\/github.com\/centralnic-reseller\/whmcs-dns\/blob\/master\/README.md",
    "support_url": "https:\/\/github.com\/centralnic-reseller\/whmcs-dns\/wiki\/Contact-Us",
    "docs_url": "https:\/\/github.com\/centralnic-reseller\/whmcs-dns\/wiki\/Usage-Guide"
  },
  "authors": [
    {
      "name": "CentralNic",
      "homepage": "https:\/\/www.centralnicgroup.com\/"
    }
  ]
}